username,display_name,encoded_password
user1,Oscar Martin,$2a$10$h3L5KkAduLx/p.9fV7xWquUrRb3B2tbQkPGv9gX8yWZ3JvcUKHnnO
user2,Grace Davis,$2a$10$h3L5KkAduLx/p.9fV7xWquUrRb3B2tbQkPGv9gX8yWZ3JvcUKHnnO
user3,Steve Thomas,$2a$10$h3L5KkAduLx/p.9fV7xWquUrRb3B2tbQkPGv9gX8yWZ3JvcUKHnnO
user4,Charlie Moore,$2a$10$h3L5KkAduLx/p.9fV7xWquUrRb3B2tbQkPGv9gX8yWZ3JvcUKHnnO
user5,Judy Moore,$2a$10$h3L5KkAduLx/p.9fV7xWquUrRb3B2tbQkPGv9gX8yWZ3JvcUKHnnO
user6,Victor Garcia,$2a$10$h3L5KkAduLx/p.9fV7xWquUrRb3B2tbQkPGv9gX8yWZ3JvcUKHnnO
user7,Wendy Miller,$2a$10$h3L5KkAduLx/p.9fV7xWquUrRb3B2tbQkPGv9gX8yWZ3JvcUKHnnO
user8,Yara Miller,$2a$10$h3L5KkAduLx/p.9fV7xWquUrRb3B2tbQkPGv9gX8yWZ3JvcUKHnnO
user9,Victor Williams,$2a$10$h3L5KkAduLx/p.9fV7xWquUrRb3B2tbQkPGv9gX8yWZ3JvcUKHnnO
user10,Diana Thompson,$2a$10$h3L5KkAduLx/p.9fV7xWquUrRb3B2tbQkPGv9gX8yWZ3JvcUKHnnO
user11,Eve Thomas,$2a$10$h3L5KkAduLx/p.9fV7xWquUrRb3B2tbQkPGv9gX8yWZ3JvcUKHnnO
user12,Bob Williams,$2a$10$h3L5KkAduLx/p.9fV7xWquUrRb3B2tbQkPGv9gX8yWZ3JvcUKHnnO
user13,Tina Jones,$2a$10$h3L5KkAduLx/p.9fV7xWquUrRb3B2tbQkPGv9gX8yWZ3JvcUKHnnO
user14,Tina Thompson,$2a$10$h3L5KkAduLx/p.9fV7xWquUrRb3B2tbQkPGv9gX8yWZ3JvcUKHnnO
user15,Charlie Clark,$2a$10$h3L5KkAduLx/p.9fV7xWquUrRb3B2tbQkPGv9gX8yWZ3JvcUKHnnO
user16,Pamela Harris,$2a$10$h3L5KkAduLx/p.9fV7xWquUrRb3B2tbQkPGv9gX8yWZ3JvcUKHnnO
user17,Mike Brown,$2a$10$h3L5KkAduLx/p.9fV7xWquUrRb3B2tbQkPGv9gX8yWZ3JvcUKHnnO
user18,Judy Jones,$2a$10$h3L5KkAduLx/p.9fV7xWquUrRb3B2tbQkPGv9gX8yWZ3JvcUKHnnO
user19,Kevin Anderson,$2a$10$h3L5KkAduLx/p.9fV7xWquUrRb3B2tbQkPGv9gX8yWZ3JvcUKHnnO
user20,Nancy Jackson,$2a$10$h3L5KkAduLx/p.9fV7xWquUrRb3B2tbQkPGv9gX8yWZ3JvcUKHnnO
